status,month,credit_amount,employment,housing,sex,age,credit
A11,6,1169,A75,A152,male,old,good
A12,48,5951,A73,A152,female,young,bad
A14,12,2096,A74,A152,male,old,good
A11,42,7882,A74,A153,male,old,good
A11,24,4870,A73,A153,male,old,bad
A14,36,9055,A73,A153,male,old,good
A14,24,2835,A75,A152,male,old,good
A12,36,6948,A73,A151,male,old,good
A14,12,3059,A74,A152,male,old,good
A12,30,5234,A71,A152,male,old,bad
A12,12,1295,A72,A151,female,young,bad
A11,48,4308,A72,A151,female,young,bad
A12,12,1567,A73,A152,female,young,good
A11,24,1199,A75,A152,male,old,bad
A11,15,1403,A73,A151,female,old,good
A11,24,1282,A73,A152,female,old,bad
A14,24,2424,A75,A152,male,old,good
A11,30,8072,A72,A152,male,young,good
A12,24,12579,A75,A153,female,old,bad
A14,24,3430,A75,A152,male,old,good
A14,9,2134,A73,A152,male,old,good
A11,6,2647,A73,A151,male,old,good
A11,10,2241,A72,A151,male,old,good
A12,12,1804,A72,A152,male,old,good
A14,10,2069,A73,A152,male,old,good
A11,6,1374,A73,A152,male,old,good
A14,6,426,A75,A152,male,old,good
A13,12,409,A73,A151,female,old,good
A12,7,2415,A73,A152,male,old,good
A11,60,6836,A75,A152,male,old,bad
A12,18,1913,A72,A152,male,old,good
A11,24,4020,A73,A152,male,old,good
A12,18,5866,A73,A152,male,old,good
A14,12,1264,A75,A151,male,old,good
A13,12,1474,A72,A152,female,old,good
A12,45,4746,A72,A152,male,young,bad
A14,48,6110,A73,A153,male,old,good
A13,18,2100,A73,A152,male,old,bad
A13,10,1225,A73,A152,male,old,good
A12,9,458,A73,A152,male,young,good
A14,30,2333,A75,A152,male,old,good
A12,12,1158,A73,A152,male,old,good
A12,18,6204,A73,A152,male,old,good
A11,30,6187,A74,A151,male,young,good
A11,48,6143,A75,A153,female,old,bad
A14,11,1393,A72,A152,female,old,good
A14,36,2299,A75,A152,male,old,good
A11,6,1352,A71,A151,female,young,good
A14,11,7228,A73,A152,male,old,good
A14,12,2073,A73,A152,female,old,good
A12,24,2333,A72,A152,male,old,good
A12,27,5965,A75,A152,male,old,good
A14,12,1262,A73,A152,male,young,good
A14,18,3378,A73,A152,male,old,good
A12,36,2225,A75,A153,male,old,bad
A14,6,783,A73,A152,male,old,good
A12,12,6468,A71,A152,male,old,bad
A14,36,9566,A73,A152,female,old,good
A13,18,1961,A75,A152,female,young,good
A11,36,6229,A72,A151,female,young,bad
A12,9,1391,A73,A152,male,old,good
A12,15,1537,A75,A152,male,old,good
A12,36,1953,A75,A153,male,old,bad
A12,48,14421,A73,A152,male,young,bad
A14,24,3181,A72,A152,female,old,good
A14,27,5190,A75,A152,male,old,good
A14,12,2171,A72,A152,female,old,good
A12,12,1007,A73,A152,male,young,good
A14,36,1819,A73,A153,male,old,bad
A14,36,2394,A73,A152,female,young,good
A14,36,8133,A73,A152,female,old,good
A14,7,730,A75,A151,male,old,good
A11,8,1164,A75,A153,male,old,good
A12,42,5954,A74,A152,female,old,good
A11,36,1977,A75,A152,male,old,bad
A11,12,1526,A75,A153,male,old,good
A11,42,3965,A72,A152,male,old,bad
A12,11,4771,A74,A152,male,old,good
A14,54,9436,A73,A152,male,old,good
A12,30,3832,A72,A152,male,young,good
A14,24,5943,A72,A152,female,old,bad
A14,15,1213,A75,A152,male,old,good
A14,18,1568,A73,A151,female,young,good
A11,24,1755,A75,A152,female,old,good
A11,10,2315,A75,A152,male,old,good
A14,12,1412,A73,A152,female,old,good
A12,18,1295,A72,A152,female,old,good
A12,36,12612,A73,A153,male,old,bad
A11,18,2249,A74,A152,male,old,good
A11,12,1108,A74,A152,male,old,bad
A14,12,618,A75,A152,male,old,good
A11,12,1409,A75,A152,male,old,good
A14,12,797,A75,A152,female,old,bad
A13,24,3617,A75,A151,male,young,good
A12,12,1318,A75,A152,male,old,good
A12,54,15945,A72,A151,male,old,bad
A14,12,2012,A74,A152,female,old,good
A12,18,2622,A73,A152,male,old,good
A12,36,2337,A75,A152,male,old,good
A12,20,7057,A74,A151,male,old,good
A14,24,1469,A75,A151,male,old,good
A12,36,2323,A74,A151,male,young,good
A14,6,932,A73,A152,female,young,good
A12,9,1919,A74,A151,male,old,good
A14,12,2445,A72,A151,male,old,good
A12,24,11938,A73,A152,male,old,bad
A14,18,6458,A75,A152,male,old,bad
A12,12,6078,A74,A152,male,old,good
A11,24,7721,A72,A152,female,old,good
A12,14,1410,A75,A152,male,old,good
A12,6,1449,A75,A152,male,old,good
A13,15,392,A72,A151,female,young,good
A12,18,6260,A74,A151,male,old,good
A14,36,7855,A73,A152,female,young,bad
A11,12,1680,A75,A152,male,old,good
A14,48,3578,A75,A152,male,old,good
A11,42,7174,A74,A152,female,old,bad
A11,10,2132,A72,A151,female,old,good
A11,33,4281,A73,A152,female,young,bad
A12,12,2366,A74,A152,male,old,good
A11,21,1835,A73,A152,female,young,bad
A14,24,3868,A75,A151,female,old,good
A14,12,1768,A73,A151,male,young,good
A13,10,781,A75,A153,male,old,good
A12,18,1924,A72,A151,female,old,bad
A11,12,2121,A73,A152,male,old,good
A11,12,701,A73,A152,male,old,good
A12,12,639,A73,A152,male,old,bad
A12,12,1860,A71,A152,male,old,good
A11,12,3499,A73,A152,female,old,bad
A12,48,8487,A74,A152,female,young,good
A11,36,6887,A73,A152,male,old,bad
A14,15,2708,A72,A152,male,old,good
A14,18,1984,A73,A153,male,old,good
A14,60,10144,A74,A152,female,young,good
A14,12,1240,A75,A152,female,old,good
A14,27,8613,A73,A152,male,old,good
A12,12,766,A73,A152,male,old,bad
A12,15,2728,A74,A152,male,old,good
A13,12,1881,A73,A151,female,old,good
A13,6,709,A72,A152,male,old,good
A12,36,4795,A72,A152,female,old,good
A11,27,3416,A73,A152,male,old,good
A11,18,2462,A73,A152,male,young,bad
A14,21,2288,A72,A152,female,young,good
A12,48,3566,A74,A152,male,old,good
A11,6,860,A75,A152,female,old,good
A14,12,682,A74,A152,female,old,good
A11,36,5371,A73,A152,male,old,good
A14,18,1582,A75,A152,male,old,good
A14,6,1346,A75,A153,male,old,good
A14,10,1924,A73,A152,male,old,good
A13,36,5848,A73,A152,male,young,good
A12,24,7758,A75,A151,female,old,good
A12,24,6967,A74,A151,male,old,good
A11,12,1282,A73,A151,female,young,bad
A11,9,1288,A75,A152,male,old,good
A11,12,339,A75,A152,male,old,good
A12,24,3512,A74,A152,male,old,good
A14,6,1898,A73,A152,male,old,good
A14,24,2872,A75,A152,male,old,good
A14,18,1055,A72,A152,female,old,good
A14,15,1262,A74,A152,male,old,good
A12,10,7308,A71,A153,male,old,good
A14,36,909,A75,A152,male,old,good
A14,6,2978,A73,A152,male,old,good
A11,18,1131,A71,A152,female,old,bad
A12,11,1577,A72,A152,female,young,good
A14,24,3972,A74,A151,female,young,good
A12,24,1935,A75,A152,male,old,bad
A11,15,950,A75,A151,male,old,bad
A14,12,763,A73,A152,female,old,good
A12,24,2064,A71,A152,female,old,bad
A12,8,1414,A73,A152,male,old,good
A11,21,3414,A72,A152,male,old,bad
A14,30,7485,A71,A152,female,old,bad
A11,12,2577,A73,A152,male,old,good
A11,6,338,A75,A152,male,old,good
A14,12,1963,A74,A151,male,old,good
A11,21,571,A75,A152,male,old,good
A14,36,9572,A72,A152,male,old,bad
A12,36,4455,A73,A152,male,old,bad
A11,21,1647,A73,A152,male,old,bad
A14,24,3777,A73,A152,male,old,good
A12,18,884,A75,A152,male,old,bad
A14,15,1360,A73,A152,male,old,good
A12,9,5129,A75,A153,female,old,bad
A12,16,1175,A71,A153,male,old,good
A11,12,674,A74,A152,male,young,bad
A12,18,3244,A73,A152,female,old,good
A14,24,4591,A73,A152,male,old,bad
A12,48,3844,A74,A153,male,old,bad
A12,27,3915,A73,A152,male,old,bad
A14,6,2108,A74,A151,male,old,good
A12,45,3031,A73,A151,male,young,bad
A12,9,1501,A75,A152,female,old,bad
A14,6,1382,A73,A152,female,old,good
A12,12,951,A72,A151,female,old,bad
A12,24,2760,A75,A153,male,old,good
A12,18,4297,A75,A152,male,old,bad
A14,9,936,A75,A152,male,old,good
A11,12,1168,A73,A152,male,old,good
A14,27,5117,A74,A152,male,old,good
A11,12,902,A74,A151,male,young,bad
A14,12,1495,A75,A152,male,old,good
A11,30,10623,A75,A153,male,old,good
A14,12,1935,A75,A152,male,old,good
A12,12,1424,A74,A152,male,old,good
A11,24,6568,A73,A152,male,young,good
A14,12,1413,A74,A152,male,old,good
A14,9,3074,A73,A152,male,old,good
A14,36,3835,A75,A152,female,old,good
A11,27,5293,A71,A152,male,old,bad
A13,30,1908,A75,A152,male,old,bad
A14,36,3342,A75,A152,male,old,good
A12,6,932,A74,A152,female,old,good
A11,18,3104,A74,A152,male,old,good
A13,36,3913,A73,A152,male,young,good
A11,24,3021,A73,A151,male,young,good
A14,10,1364,A73,A152,female,old,good
A12,12,625,A72,A152,male,old,good
A11,12,1200,A73,A151,female,young,good
A14,12,707,A73,A152,male,old,good
A14,24,2978,A73,A152,male,old,good
A14,15,4657,A73,A152,male,old,good
A14,36,2613,A73,A152,male,old,good
A12,48,10961,A74,A152,male,old,bad
A11,12,7865,A75,A153,male,old,bad
A14,9,1478,A74,A152,male,young,bad
A11,24,3149,A72,A153,male,young,good
A13,36,4210,A73,A152,male,old,bad
A14,9,2507,A75,A153,male,old,good
A14,12,2141,A74,A152,male,old,good
A12,18,866,A73,A152,male,young,good
A14,4,1544,A74,A152,male,old,good
A11,24,1823,A71,A152,male,old,bad
A12,6,14555,A71,A152,male,young,bad
A12,21,2767,A75,A151,male,old,bad
A14,12,1291,A73,A152,female,old,good
A11,30,2522,A75,A152,male,old,good
A11,24,915,A75,A152,female,old,bad
A14,6,1595,A74,A152,male,old,good
A11,48,4605,A75,A153,male,young,bad
A14,12,1185,A73,A152,female,old,good
A14,12,3447,A73,A152,female,old,good
A14,24,1258,A74,A152,male,young,good
A14,12,717,A75,A152,male,old,good
A14,6,1204,A73,A151,male,old,good
A13,24,1925,A73,A152,male,old,good
A14,18,433,A71,A151,female,young,bad
A11,6,666,A74,A152,female,old,good
A13,12,2251,A73,A152,female,old,good
A12,30,2150,A73,A152,female,young,bad
A14,24,4151,A73,A152,male,old,good
A12,9,2030,A74,A152,male,young,good
A12,60,7418,A73,A152,male,old,good
A14,24,2684,A73,A152,male,old,good
A11,12,2149,A73,A153,male,old,bad
A14,15,3812,A72,A152,female,young,good
A14,11,1154,A71,A152,female,old,good
A11,12,1657,A73,A152,male,old,good
A11,24,1603,A75,A152,female,old,good
A11,18,5302,A75,A153,male,old,good
A14,12,2748,A75,A153,female,old,good
A14,10,1231,A75,A152,male,old,good
A12,15,802,A75,A152,male,old,bad
A14,36,6304,A75,A152,male,old,good
A14,24,1533,A72,A152,female,old,good
A11,14,8978,A75,A152,male,old,bad
A14,24,999,A75,A152,male,young,good
A14,18,2662,A74,A152,male,old,good
A14,12,1402,A74,A151,female,old,good
A12,48,12169,A71,A153,male,old,good
A12,48,3060,A74,A152,male,old,bad
A11,30,11998,A72,A152,male,old,bad
A14,9,2697,A73,A152,male,old,good
A14,18,2404,A73,A152,female,old,good
A11,12,1262,A75,A152,male,old,good
A14,6,4611,A72,A152,female,old,bad
A14,24,1901,A73,A151,male,old,good
A14,15,3368,A75,A151,male,young,good
A14,12,1574,A73,A152,male,old,good
A13,18,1445,A74,A152,male,old,good
A14,15,1520,A75,A152,male,old,good
A12,24,3878,A72,A152,male,old,good
A11,47,10722,A72,A152,female,old,good
A11,48,4788,A74,A152,male,old,good
A12,48,7582,A71,A153,male,old,good
A12,12,1092,A73,A152,female,old,good
A11,24,1024,A72,A152,male,old,bad
A14,12,1076,A73,A152,male,old,good
A12,36,9398,A72,A151,male,old,bad
A11,24,6419,A75,A153,female,old,good
A13,42,4796,A75,A153,male,old,good
A14,48,7629,A75,A152,male,old,good
A12,48,9960,A72,A152,female,old,bad
A14,12,4675,A72,A151,female,young,good
A14,10,1287,A75,A152,male,old,good
A14,18,2515,A73,A152,male,old,good
A12,21,2745,A74,A152,male,old,good
A14,6,672,A71,A152,female,old,good
A12,36,3804,A73,A152,female,old,bad
A13,24,1344,A74,A152,male,old,bad
A11,10,1038,A74,A152,male,old,good
A14,48,10127,A73,A153,male,old,bad
A14,6,1543,A73,A152,male,old,good
A14,30,4811,A74,A151,female,young,good
A11,12,727,A72,A152,male,old,bad
A12,8,1237,A73,A152,female,young,bad
A12,9,276,A73,A151,male,young,good
A12,48,5381,A71,A153,male,old,good
A14,24,5511,A73,A152,male,young,good
A13,24,3749,A72,A152,female,old,good
A12,12,685,A74,A152,male,young,bad
A13,4,1494,A72,A152,male,old,good
A11,36,2746,A75,A152,male,old,bad
A11,12,708,A73,A152,male,old,good
A12,24,4351,A73,A152,female,old,good
A14,12,701,A73,A152,male,old,good
A11,15,3643,A75,A152,female,old,good
A12,30,4249,A71,A152,male,old,bad
A11,24,1938,A72,A152,male,old,bad
A11,24,2910,A74,A153,male,old,good
A11,18,2659,A73,A152,male,old,good
A14,18,1028,A73,A152,female,old,good
A11,8,3398,A74,A152,male,old,good
A14,12,5801,A75,A151,male,old,good
A14,24,1525,A74,A152,female,old,good
A13,36,4473,A75,A152,male,old,good
A12,6,1068,A75,A152,male,old,good
A11,24,6615,A71,A153,male,old,good
A14,18,1864,A73,A152,female,old,bad
A12,60,7408,A72,A152,female,young,bad
A14,48,11590,A73,A151,female,young,bad
A11,24,4110,A75,A151,male,young,bad
A11,6,3384,A73,A151,male,old,bad
A12,13,2101,A72,A152,female,young,good
A11,15,1275,A73,A151,female,young,bad
A11,24,4169,A73,A152,male,old,good
A12,10,1521,A73,A152,male,old,good
A12,24,5743,A72,A153,female,young,good
A11,21,3599,A74,A151,female,old,good
A12,18,3213,A72,A151,male,young,good
A12,18,4439,A75,A152,male,old,good
A13,10,3949,A72,A152,male,old,good
A14,15,1459,A73,A152,female,old,good
A12,13,882,A72,A152,male,young,good
A12,24,3758,A71,A151,female,young,good
A14,6,1743,A73,A152,male,old,good
A12,9,1136,A75,A153,male,old,bad
A14,9,1236,A72,A151,female,young,good
A12,9,959,A73,A152,female,old,bad
A14,18,3229,A71,A152,male,old,good
A11,12,6199,A73,A151,male,old,bad
A14,10,727,A75,A153,male,old,good
A12,24,1246,A72,A152,male,young,bad
A14,12,2331,A75,A152,male,old,good
A14,36,4463,A73,A152,male,old,bad
A14,12,776,A73,A152,male,old,good
A11,30,2406,A74,A151,female,young,bad
A12,18,1239,A73,A153,male,old,good
A13,12,3399,A75,A152,male,old,good
A13,12,2247,A73,A152,female,old,good
A14,6,1766,A73,A151,male,young,good
A11,18,2473,A71,A152,male,young,bad
A14,12,1542,A74,A152,male,old,good
A14,18,3850,A74,A152,male,old,good
A11,18,3650,A72,A151,female,young,good
A11,36,3446,A75,A152,male,old,bad
A12,18,3001,A74,A151,female,old,good
A14,36,3079,A73,A152,male,old,good
A14,18,6070,A75,A152,male,old,good
A14,10,2146,A72,A151,female,young,good
A14,60,13756,A75,A153,male,old,good
A12,60,14782,A75,A153,female,old,bad
A11,48,7685,A74,A151,female,old,bad
A14,18,2320,A71,A152,male,old,good
A14,7,846,A75,A153,male,old,good
A12,36,14318,A75,A153,male,old,bad
A14,6,362,A73,A152,female,old,good
A11,20,2212,A74,A152,male,old,good
A12,18,12976,A71,A153,female,old,bad
A14,22,1283,A74,A151,female,young,good
A13,12,1330,A72,A152,male,old,good
A14,30,4272,A73,A152,male,old,good
A14,18,2238,A73,A152,female,young,good
A14,18,1126,A72,A151,female,young,good
A12,18,7374,A71,A152,male,old,good
A12,15,2326,A73,A152,male,old,good
A14,9,1449,A74,A152,female,old,good
A14,18,1820,A73,A152,male,old,good
A12,12,983,A72,A151,female,young,good
A11,36,3249,A74,A153,male,old,good
A11,6,1957,A74,A152,female,old,good
A14,9,2406,A71,A152,male,old,good
A12,39,11760,A74,A151,male,old,good
A11,12,2578,A71,A153,female,old,good
A11,36,2348,A73,A152,male,old,good
A12,12,1223,A75,A151,male,old,bad
A14,24,1516,A73,A152,female,old,good
A14,18,1473,A72,A152,male,old,good
A12,18,1887,A73,A152,male,old,good
A14,24,8648,A72,A152,male,old,bad
A14,14,802,A73,A152,male,old,good
A12,18,2899,A75,A152,male,old,good
A12,24,2039,A72,A152,male,young,bad
A14,24,2197,A74,A152,male,old,good
A11,15,1053,A72,A152,male,old,good
A14,24,3235,A75,A152,male,old,good
A13,12,939,A74,A152,male,old,bad
A12,24,1967,A75,A152,female,young,good
A14,33,7253,A74,A152,male,old,good
A14,12,2292,A71,A152,male,old,bad
A14,10,1597,A73,A151,male,old,good
A11,24,1381,A73,A152,female,old,bad
A14,36,5842,A75,A152,male,old,good
A11,12,2579,A72,A152,male,old,bad
A11,18,8471,A73,A151,female,young,good
A14,21,2782,A74,A152,female,old,good
A12,18,1042,A73,A152,female,old,bad
A14,15,3186,A74,A151,female,young,good
A12,12,2028,A73,A152,male,old,good
A12,12,958,A74,A152,male,old,good
A14,21,1591,A74,A152,male,old,good
A12,12,2762,A75,A152,female,young,bad
A12,18,2779,A73,A151,male,young,good
A14,28,2743,A75,A152,male,old,good
A14,18,1149,A73,A152,male,old,good
A14,9,1313,A75,A152,male,young,good
A11,18,1190,A71,A153,female,old,bad
A14,5,3448,A74,A152,male,old,good
A12,24,11328,A73,A152,male,old,bad
A11,6,1872,A71,A153,male,old,good
A14,24,2058,A73,A152,male,old,good
A11,9,2136,A73,A152,male,young,good
A12,12,1484,A73,A152,male,young,bad
A14,6,660,A74,A151,male,young,good
A14,24,1287,A75,A152,female,old,good
A11,42,3394,A71,A152,male,old,good
A13,12,609,A72,A152,female,old,bad
A14,12,1884,A75,A152,male,old,good
A11,12,1620,A73,A152,female,old,good
A12,20,2629,A73,A152,male,old,good
A14,12,719,A75,A152,male,old,bad
A12,48,5096,A73,A152,female,old,bad
A14,9,1244,A75,A151,female,old,good
A11,36,1842,A72,A152,female,old,bad
A12,7,2576,A73,A152,male,old,good
A13,12,1424,A75,A152,female,old,good
A12,15,1512,A73,A152,male,old,bad
A14,36,11054,A73,A152,male,old,good
A14,6,518,A73,A152,female,old,good
A14,12,2759,A75,A152,male,old,good
A14,24,2670,A75,A152,male,old,good
A11,24,4817,A74,A152,male,old,bad
A14,24,2679,A72,A152,female,old,good
A11,11,3905,A73,A151,male,old,good
A11,12,3386,A75,A153,male,old,bad
A11,6,343,A72,A152,female,old,good
A14,18,4594,A72,A152,male,old,good
A11,36,3620,A73,A152,male,old,good
A11,15,1721,A72,A152,male,old,good
A12,12,3017,A72,A151,female,old,good
A12,12,754,A75,A152,male,old,good
A14,18,1950,A74,A152,male,old,good
A11,24,2924,A73,A152,male,old,good
A11,24,1659,A72,A151,female,old,bad
A14,48,7238,A75,A152,male,old,good
A14,33,2764,A73,A152,female,old,good
A14,24,4679,A74,A152,male,old,good
A12,24,3092,A72,A151,male,young,bad
A11,6,448,A72,A152,female,young,bad
A11,9,654,A73,A152,male,old,bad
A14,6,1238,A71,A152,male,old,good
A12,18,1245,A73,A152,male,old,bad
A11,18,3114,A72,A151,female,old,bad
A14,39,2569,A73,A152,male,young,good
A13,24,5152,A74,A152,male,young,good
A12,12,1037,A74,A152,male,old,good
A11,15,1478,A75,A152,male,old,good
A12,12,3573,A73,A152,female,young,good
A12,24,1201,A72,A152,male,old,good
A11,30,3622,A75,A151,female,old,good
A14,15,960,A74,A152,female,old,good
A14,12,1163,A73,A152,male,old,good
A12,6,1209,A71,A152,male,old,bad
A14,12,3077,A73,A152,male,old,good
A14,24,3757,A75,A153,female,old,good
A14,10,1418,A73,A151,male,old,good
A14,6,3518,A73,A151,male,old,good
A14,12,1934,A75,A152,male,old,good
A12,27,8318,A75,A153,female,old,bad
A14,6,1237,A73,A152,female,old,good
A12,6,368,A75,A152,male,old,good
A11,12,2122,A73,A151,male,old,good
A11,24,2996,A73,A152,male,young,bad
A12,36,9034,A72,A151,male,old,bad
A14,24,1585,A74,A152,male,old,good
A12,18,1301,A75,A152,male,old,good
A13,6,1323,A75,A152,male,old,good
A11,24,3123,A72,A152,female,old,bad
A11,36,5493,A75,A153,male,old,good
A13,9,1126,A75,A152,male,old,good
A12,24,1216,A72,A152,male,old,bad
A11,24,1207,A72,A151,female,young,bad
A14,10,1309,A73,A152,male,old,bad
A13,15,2360,A73,A152,male,old,good
A12,15,6850,A71,A152,male,old,bad
A14,24,1413,A73,A152,male,old,good
A14,39,8588,A75,A152,male,old,good
A11,12,759,A74,A152,male,old,bad
A14,36,4686,A73,A153,male,old,good
A13,15,2687,A74,A151,male,old,good
A12,12,585,A73,A151,male,young,good
A14,24,2255,A72,A152,male,old,good
A11,6,609,A74,A152,female,old,good
A11,6,1361,A72,A152,male,old,good
A14,36,7127,A72,A151,female,young,bad
A11,6,1203,A75,A152,male,old,good
A14,6,700,A75,A153,male,old,good
A14,24,5507,A75,A153,male,old,good
A11,18,3190,A73,A152,female,young,bad
A11,48,7119,A73,A153,male,old,bad
A14,24,3488,A74,A152,female,young,good
A12,18,1113,A73,A152,female,old,good
A12,26,7966,A72,A152,male,old,good
A14,15,1532,A73,A152,female,old,good
A14,4,1503,A74,A152,male,old,good
A11,36,2302,A73,A151,male,old,bad
A11,6,662,A72,A152,male,old,good
A12,36,2273,A74,A152,male,old,good
A12,15,2631,A73,A151,female,old,bad
A14,12,1503,A73,A151,male,old,good
A14,24,1311,A74,A152,male,old,good
A14,24,3105,A72,A152,male,young,good
A13,21,2319,A72,A151,male,old,bad
A11,6,1374,A71,A152,female,old,good
A12,18,3612,A75,A152,female,old,good
A11,48,7763,A75,A153,male,old,bad
A13,18,3049,A72,A152,female,old,good
A12,12,1534,A72,A151,male,young,bad
A14,24,2032,A75,A153,male,old,good
A11,30,6350,A75,A152,male,old,bad
A13,18,2864,A73,A152,male,old,bad
A14,12,1255,A75,A152,male,old,good
A11,24,1333,A71,A153,male,old,bad
A14,24,2022,A73,A152,female,old,good
A14,24,1552,A74,A152,male,old,good
A11,12,626,A73,A152,female,young,bad
A14,48,8858,A74,A153,male,old,good
A14,12,996,A74,A152,female,young,good
A14,6,1750,A75,A152,male,old,good
A11,48,6999,A74,A152,male,old,bad
A12,12,1995,A72,A152,male,old,good
A12,9,1199,A74,A152,female,old,good
A12,12,1331,A72,A152,male,young,bad
A12,18,2278,A72,A152,female,old,bad
A14,21,5003,A73,A152,female,old,bad
A11,24,3552,A74,A152,male,old,bad
A12,18,1928,A72,A152,male,old,bad
A11,24,2964,A75,A153,male,old,good
A11,24,1546,A74,A151,male,young,bad
A13,6,683,A72,A152,female,old,good
A12,36,12389,A73,A153,male,old,bad
A12,24,4712,A73,A152,male,old,good
A12,24,1553,A74,A151,female,young,good
A11,12,1372,A74,A152,male,old,bad
A14,24,2578,A75,A152,male,old,good
A12,48,3979,A74,A152,male,old,good
A11,48,6758,A73,A152,female,old,bad
A11,24,3234,A72,A151,female,young,bad
A14,30,5954,A74,A152,male,old,good
A14,24,5433,A71,A151,female,old,good
A11,15,806,A73,A152,female,young,good
A12,9,1082,A75,A152,male,old,good
A14,15,2788,A74,A152,female,young,good
A12,12,2930,A74,A152,female,old,good
A14,24,1927,A73,A152,female,old,good
A12,36,2820,A72,A152,male,old,bad
A14,24,937,A72,A152,male,old,good
A12,18,1056,A75,A152,male,old,bad
A12,12,3124,A72,A152,male,old,good
A14,9,1388,A73,A151,female,old,good
A12,36,2384,A72,A151,male,old,bad
A14,12,2133,A75,A153,female,old,good
A11,18,2039,A73,A151,female,young,bad
A11,9,2799,A73,A151,male,old,good
A11,12,1289,A73,A152,male,young,good
A11,18,1217,A73,A152,male,old,bad
A11,12,2246,A75,A152,male,old,bad
A11,12,385,A74,A152,female,old,good
A12,24,1965,A73,A151,female,old,good
A14,21,1572,A75,A152,female,old,good
A12,24,2718,A73,A151,female,young,bad
A11,24,1358,A75,A152,male,old,bad
A12,6,931,A72,A152,female,old,bad
A11,24,1442,A74,A151,female,young,bad
A12,24,4241,A73,A152,male,old,bad
A14,18,2775,A74,A152,male,old,bad
A14,24,3863,A73,A153,male,old,good
A12,7,2329,A72,A152,female,old,good
A12,9,918,A73,A152,female,old,bad
A12,24,1837,A74,A153,female,old,bad
A14,36,3349,A73,A152,female,old,bad
A13,10,1275,A72,A152,female,young,good
A11,24,2828,A73,A152,male,young,good
A14,24,4526,A73,A152,male,old,good
A12,36,2671,A73,A153,female,old,bad
A14,18,2051,A72,A152,male,old,good
A14,15,1300,A75,A153,male,old,good
A11,12,741,A71,A152,female,young,bad
A13,10,1240,A75,A153,female,old,bad
A11,21,3357,A72,A152,female,old,good
A11,24,3632,A73,A151,female,young,good
A14,18,1808,A74,A152,female,young,bad
A12,48,12204,A73,A152,male,old,good
A12,60,9157,A73,A153,male,old,good
A11,6,3676,A73,A151,male,old,good
A12,30,3441,A73,A151,female,young,bad
A14,12,640,A73,A152,male,old,good
A12,21,3652,A74,A152,male,old,good
A14,18,1530,A73,A152,male,old,bad
A14,48,3914,A73,A152,male,old,bad
A11,12,1858,A72,A151,female,young,good
A11,18,2600,A73,A153,male,old,bad
A14,15,1979,A75,A152,male,old,good
A13,6,2116,A73,A152,male,old,good
A12,9,1437,A74,A152,male,old,bad
A14,42,4042,A73,A152,male,old,good
A14,9,3832,A75,A152,male,old,good
A11,24,3660,A73,A152,female,old,good
A11,18,1553,A73,A152,male,old,bad
A12,15,1444,A72,A152,male,young,good
A14,9,1980,A72,A151,female,young,bad
A12,24,1355,A72,A152,female,young,bad
A14,12,1393,A75,A152,male,old,good
A14,24,1376,A74,A152,female,old,good
A14,60,15653,A74,A152,male,young,good
A14,12,1493,A72,A152,female,old,good
A11,42,4370,A74,A152,male,old,bad
A11,18,750,A71,A152,female,old,bad
A12,15,1308,A75,A152,male,old,good
A14,15,4623,A73,A152,male,old,bad
A14,24,1851,A74,A152,male,old,good
A11,18,1880,A74,A152,male,old,good
A14,36,7980,A72,A151,male,old,bad
A11,30,4583,A73,A152,male,old,good
A14,12,1386,A73,A152,female,old,bad
A13,24,947,A74,A153,male,old,bad
A11,12,684,A73,A151,male,old,bad
A11,48,7476,A74,A153,male,old,good
A12,12,1922,A73,A152,male,old,bad
A11,24,2303,A75,A152,male,old,bad
A12,36,8086,A75,A152,male,old,bad
A14,24,2346,A74,A152,male,old,good
A11,14,3973,A71,A153,male,young,good
A12,12,888,A75,A152,male,old,bad
A14,48,10222,A74,A152,male,old,good
A12,30,4221,A73,A152,female,old,good
A12,18,6361,A75,A152,male,old,good
A13,12,1297,A73,A151,male,young,good
A11,12,900,A73,A152,male,young,bad
A14,21,2241,A75,A152,male,old,good
A12,6,1050,A71,A152,male,old,good
A13,6,1047,A73,A152,female,old,good
A14,24,6314,A71,A152,male,old,good
A12,30,3496,A73,A152,male,old,good
A14,48,3609,A73,A152,female,old,good
A11,12,4843,A75,A151,male,old,bad
A13,30,3017,A75,A152,male,old,good
A14,24,4139,A73,A152,male,old,good
A14,36,5742,A74,A152,male,old,good
A14,60,10366,A75,A152,male,old,good
A14,6,2080,A73,A152,male,young,good
A14,21,2580,A72,A152,male,old,bad
A14,30,4530,A74,A151,female,old,good
A14,24,5150,A75,A152,male,old,good
A12,72,5595,A73,A152,male,young,bad
A11,24,2384,A75,A151,male,old,good
A14,18,1453,A72,A152,female,old,good
A14,6,1538,A72,A152,female,old,good
A14,12,2279,A73,A153,male,old,good
A14,15,1478,A73,A152,male,old,good
A14,24,5103,A72,A153,male,old,good
A12,36,9857,A74,A152,male,old,good
A14,60,6527,A73,A153,male,old,good
A13,10,1347,A74,A152,male,old,good
A12,36,2862,A75,A153,male,old,good
A14,9,2753,A75,A152,male,old,good
A11,12,3651,A73,A152,male,old,good
A11,15,975,A73,A152,male,young,good
A12,15,2631,A73,A152,female,young,good
A12,24,2896,A72,A152,male,old,good
A11,6,4716,A72,A152,male,old,good
A14,24,2284,A74,A152,male,old,good
A14,6,1236,A73,A151,male,old,good
A12,12,1103,A74,A152,male,old,good
A14,12,926,A71,A152,female,old,good
A14,18,1800,A73,A152,male,young,good
A13,15,1905,A75,A151,male,old,good
A14,12,1123,A73,A151,female,old,bad
A11,48,6331,A75,A153,male,old,bad
A13,24,1377,A75,A153,female,old,good
A12,30,2503,A75,A152,male,old,good
A12,27,2528,A72,A152,female,old,good
A14,15,5324,A75,A153,female,old,good
A12,48,6560,A74,A152,male,young,bad
A12,12,2969,A72,A151,female,young,bad
A12,9,1206,A75,A152,female,young,good
A12,9,2118,A73,A152,male,old,good
A14,18,629,A75,A152,male,old,good
A11,6,1198,A75,A153,female,old,bad
A14,21,2476,A75,A152,male,old,good
A11,9,1138,A73,A152,male,young,good
A12,60,14027,A74,A152,male,old,bad
A14,30,7596,A75,A152,male,old,good
A14,30,3077,A75,A152,male,old,good
A14,18,1505,A73,A153,male,old,good
A13,24,3148,A73,A152,male,old,good
A12,20,6148,A75,A152,male,old,good
A13,9,1337,A72,A152,male,old,bad
A12,6,433,A72,A151,female,young,bad
A11,12,1228,A73,A152,female,young,bad
A12,9,790,A73,A152,female,old,good
A14,27,2570,A73,A151,female,young,bad
A14,6,250,A73,A152,female,old,good
A14,15,1316,A73,A152,male,old,good
A11,18,1882,A73,A151,female,young,bad
A12,48,6416,A75,A151,female,old,bad
A13,24,1275,A73,A152,male,old,good
A12,24,6403,A72,A152,male,old,good
A11,24,1987,A73,A151,male,young,bad
A12,8,760,A74,A152,female,old,good
A14,24,2603,A73,A151,female,old,good
A14,4,3380,A74,A152,female,old,good
A12,36,3990,A72,A152,female,old,good
A12,24,11560,A73,A151,female,young,bad
A11,18,4380,A73,A152,male,old,good
A14,6,6761,A74,A152,male,old,good
A12,30,4280,A73,A151,female,old,bad
A11,24,2325,A74,A152,male,old,good
A12,10,1048,A73,A152,male,young,good
A14,21,3160,A75,A152,male,old,good
A11,24,2483,A73,A152,male,young,good
A11,39,14179,A74,A152,male,old,good
A11,13,1797,A72,A152,male,old,good
A11,15,2511,A71,A151,female,young,good
A11,12,1274,A72,A152,female,old,bad
A14,21,5248,A73,A152,male,old,good
A14,15,3029,A74,A152,male,old,good
A11,6,428,A75,A152,female,old,good
A11,18,976,A72,A152,female,young,bad
A12,12,841,A74,A151,female,young,good
A14,30,5771,A74,A152,female,young,good
A14,12,1555,A75,A153,male,old,bad
A11,24,1285,A74,A151,female,old,bad
A13,6,1299,A73,A152,male,old,good
A13,15,1271,A73,A153,male,old,bad
A14,24,1393,A73,A152,male,old,good
A11,12,691,A75,A152,male,old,bad
A14,15,5045,A75,A152,female,old,good
A11,18,2124,A73,A151,female,young,bad
A11,12,2214,A73,A152,male,young,good
A14,21,12680,A75,A153,male,old,bad
A14,24,2463,A74,A152,male,old,good
A12,12,1155,A75,A152,male,old,good
A11,30,3108,A72,A152,male,old,bad
A14,10,2901,A72,A151,female,old,good
A12,12,3617,A75,A151,male,old,good
A14,12,1655,A75,A152,male,old,good
A11,24,2812,A75,A151,female,old,good
A11,36,8065,A73,A152,female,young,bad
A14,21,3275,A75,A152,male,old,good
A14,24,2223,A75,A152,male,old,good
A13,12,1480,A71,A153,male,old,good
A11,24,1371,A73,A151,female,young,bad
A14,36,3535,A74,A152,male,old,good
A11,18,3509,A74,A152,female,young,good
A14,36,5711,A75,A152,male,old,good
A12,18,3872,A71,A152,female,old,good
A12,39,4933,A74,A152,male,young,bad
A14,24,1940,A75,A152,male,old,good
A12,12,1410,A73,A152,male,old,good
A12,12,836,A72,A152,female,young,bad
A12,20,6468,A71,A152,male,old,good
A12,18,1941,A73,A152,male,old,good
A14,22,2675,A75,A152,male,old,good
A14,48,2751,A75,A152,male,old,good
A12,48,6224,A75,A153,male,old,bad
A11,40,5998,A73,A152,male,old,bad
A12,21,1188,A75,A152,female,old,bad
A14,24,6313,A75,A152,male,old,good
A14,6,1221,A73,A152,male,old,good
A13,24,2892,A75,A153,male,old,good
A14,24,3062,A75,A151,male,old,good
A14,9,2301,A72,A151,female,young,good
A11,18,7511,A75,A153,male,old,bad
A14,12,1258,A72,A151,female,young,good
A14,24,717,A75,A152,male,old,good
A12,9,1549,A72,A152,male,old,good
A14,24,1597,A75,A153,male,old,good
A12,18,1795,A75,A151,female,old,good
A11,20,4272,A75,A152,female,young,good
A14,12,976,A75,A152,male,old,good
A12,12,7472,A71,A151,female,young,good
A11,36,9271,A74,A152,male,young,bad
A12,6,590,A72,A152,male,old,good
A14,12,930,A75,A152,male,old,good
A12,42,9283,A71,A153,male,old,good
A12,15,1778,A72,A151,female,old,bad
A12,8,907,A72,A152,male,old,good
A12,6,484,A74,A152,male,old,good
A11,36,9629,A74,A152,male,young,bad
A11,48,3051,A73,A152,male,old,bad
A11,48,3931,A74,A153,male,old,bad
A12,36,7432,A73,A151,female,old,good
A14,6,1338,A73,A152,male,old,good
A14,6,1554,A74,A151,female,young,good
A11,36,15857,A71,A152,male,old,good
A11,18,1345,A73,A152,male,old,bad
A14,12,1101,A73,A152,male,old,good
A13,12,3016,A73,A152,male,young,good
A11,36,2712,A75,A152,male,old,bad
A11,8,731,A75,A152,male,old,good
A14,18,3780,A72,A152,male,old,good
A11,21,1602,A75,A152,male,old,good
A11,18,3966,A75,A151,female,old,bad
A14,18,4165,A73,A152,male,old,bad
A11,36,8335,A75,A153,male,old,bad
A12,48,6681,A73,A153,male,old,good
A14,24,2375,A73,A152,male,old,good
A11,18,1216,A72,A151,female,young,bad
A11,45,11816,A75,A151,male,old,bad
A12,24,5084,A75,A152,female,old,good
A13,15,2327,A72,A152,female,young,bad
A11,12,1082,A73,A152,male,old,bad
A14,12,886,A73,A152,female,young,good
A14,4,601,A72,A151,female,young,good
A11,24,2957,A75,A152,male,old,good
A14,24,2611,A75,A152,male,old,good
A11,36,5179,A74,A152,male,old,bad
A14,21,2993,A73,A152,male,old,good
A14,18,1943,A72,A152,female,young,bad
A14,24,1559,A74,A152,male,old,good
A14,18,3422,A75,A152,male,old,good
A12,21,3976,A74,A152,male,old,good
A14,18,6761,A73,A151,male,old,bad
A14,24,1249,A72,A152,male,old,good
A11,9,1364,A74,A152,male,old,good
A11,12,709,A75,A152,male,old,bad
A11,20,2235,A73,A151,male,old,bad
A14,24,4042,A74,A152,male,old,good
A14,15,1471,A73,A153,male,old,good
A11,18,1442,A74,A153,male,old,bad
A14,36,10875,A75,A152,male,old,good
A14,24,1474,A72,A152,male,old,good
A14,10,894,A74,A152,female,old,good
A14,15,3343,A73,A153,male,old,good
A11,15,3959,A73,A152,female,old,bad
A14,9,3577,A73,A151,male,old,good
A14,24,5804,A73,A152,male,old,good
A14,18,2169,A73,A152,male,old,bad
A11,24,2439,A72,A152,female,old,bad
A14,27,4526,A72,A152,male,old,good
A14,10,2210,A73,A151,male,young,bad
A14,15,2221,A73,A151,female,young,good
A11,18,2389,A72,A152,female,old,good
A14,12,3331,A75,A152,male,old,good
A14,36,7409,A75,A152,male,old,good
A11,12,652,A75,A151,female,young,good
A14,36,7678,A74,A152,female,old,good
A13,6,1343,A75,A152,male,old,good
A11,24,1382,A74,A152,male,old,good
A14,15,874,A72,A152,female,young,good
A11,12,3590,A73,A152,male,old,good
A12,11,1322,A73,A152,female,old,good
A11,18,1940,A72,A153,male,old,good
A14,36,3595,A75,A152,male,old,good
A11,9,1422,A72,A153,male,old,bad
A14,30,6742,A74,A152,male,old,good
A14,24,7814,A74,A152,male,old,good
A14,24,9277,A73,A153,male,old,good
A12,30,2181,A75,A152,male,old,good
A14,18,1098,A71,A152,female,old,good
A12,24,4057,A74,A152,male,old,bad
A11,12,795,A72,A152,female,old,bad
A12,24,2825,A74,A152,male,old,good
A12,48,15672,A73,A152,male,young,bad
A14,36,6614,A75,A152,male,old,good
A14,28,7824,A72,A151,male,old,good
A11,27,2442,A75,A152,male,old,good
A14,15,1829,A75,A152,male,old,good
A11,12,2171,A73,A152,male,old,good
A12,36,5800,A73,A152,male,old,good
A14,18,1169,A73,A152,male,old,good
A14,36,8947,A74,A152,male,old,good
A11,21,2606,A72,A151,female,old,good
A14,12,1592,A74,A152,female,old,good
A14,15,2186,A74,A151,female,old,good
A11,18,4153,A73,A152,male,old,bad
A11,16,2625,A75,A151,male,old,bad
A14,20,3485,A72,A152,male,old,good
A14,36,10477,A75,A153,male,old,good
A14,15,1386,A73,A151,male,old,good
A14,24,1278,A75,A152,male,old,good
A11,12,1107,A73,A151,male,young,good
A11,21,3763,A74,A152,male,young,good
A12,36,3711,A73,A152,male,old,good
A14,15,3594,A72,A152,female,old,good
A12,9,3195,A73,A152,female,old,good
A14,36,4454,A73,A152,female,old,good
A12,24,4736,A72,A152,female,young,bad
A12,30,2991,A75,A152,female,young,good
A14,11,2142,A75,A152,male,old,good
A11,24,3161,A73,A151,male,old,bad
A12,48,18424,A73,A152,female,old,bad
A14,10,2848,A73,A152,male,old,good
A11,6,14896,A75,A152,male,old,bad
A11,24,2359,A71,A152,male,old,bad
A11,24,3345,A75,A151,male,old,bad
A14,18,1817,A73,A152,female,old,good
A14,48,12749,A74,A152,male,old,good
A11,9,1366,A72,A151,female,young,bad
A12,12,2002,A74,A151,male,old,good
A11,24,6872,A72,A152,male,old,bad
A11,12,697,A72,A152,male,old,bad
A11,18,1049,A72,A151,female,young,good
A11,48,10297,A74,A153,male,old,bad
A14,30,1867,A75,A152,male,old,good
A11,12,1344,A73,A152,male,old,good
A11,24,1747,A72,A152,male,young,good
A12,9,1670,A72,A152,female,young,bad
A14,9,1224,A73,A152,male,old,good
A14,12,522,A75,A152,male,old,good
A11,12,1498,A73,A152,female,young,good
A12,30,1919,A72,A152,male,old,bad
A13,9,745,A73,A152,female,old,bad
A12,6,2063,A72,A151,male,old,good
A12,60,6288,A73,A153,male,old,bad
A14,24,6842,A73,A152,male,old,good
A14,12,3527,A72,A152,male,old,good
A14,10,1546,A73,A152,male,old,good
A14,24,929,A74,A152,male,old,good
A14,4,1455,A74,A152,male,old,good
A11,15,1845,A72,A151,female,old,good
A12,48,8358,A72,A152,female,old,good
A11,24,3349,A72,A153,male,old,bad
A14,12,2859,A71,A152,male,old,good
A14,18,1533,A72,A152,male,old,bad
A14,24,3621,A75,A152,male,old,bad
A12,18,3590,A71,A152,male,old,good
A11,36,2145,A74,A152,male,young,bad
A12,24,4113,A72,A151,female,old,bad
A14,36,10974,A71,A152,female,old,bad
A11,12,1893,A73,A152,female,old,good
A11,24,1231,A75,A151,female,old,good
A13,30,3656,A75,A152,male,old,good
A12,9,1154,A75,A152,male,old,good
A11,28,4006,A73,A152,male,old,bad
A12,24,3069,A75,A153,male,old,good
A14,6,1740,A75,A151,male,old,good
A12,21,2353,A73,A152,male,old,good
A14,15,3556,A73,A152,male,old,good
A14,24,2397,A75,A152,male,old,bad
A12,6,454,A72,A152,male,young,good
A12,30,1715,A73,A152,female,old,good
A12,27,2520,A73,A152,male,young,bad
A14,15,3568,A75,A151,female,old,good
A14,42,7166,A74,A151,male,old,good
A11,11,3939,A73,A152,male,old,good
A12,15,1514,A73,A152,male,young,good
A14,24,7393,A73,A152,male,old,good
A11,24,1193,A71,A151,female,old,bad
A11,60,7297,A75,A151,male,old,bad
A14,30,2831,A73,A152,female,old,good
A13,24,1258,A73,A152,female,old,good
A12,6,753,A73,A152,female,old,good
A12,18,2427,A75,A152,male,old,good
A14,24,2538,A75,A152,male,old,bad
A12,15,1264,A73,A151,male,young,bad
A12,30,8386,A74,A152,male,old,bad
A14,48,4844,A71,A151,male,old,bad
A13,21,2923,A73,A152,female,old,good
A11,36,8229,A73,A152,male,old,bad
A14,24,2028,A74,A152,male,old,good
A11,15,1433,A73,A151,female,young,good
A13,42,6289,A72,A152,male,old,good
A14,13,1409,A71,A152,female,old,good
A11,24,6579,A71,A153,male,old,good
A12,24,1743,A75,A152,male,old,good
A14,12,3565,A72,A152,male,old,good
A14,15,1569,A75,A152,male,old,good
A11,18,1936,A74,A151,male,young,good
A11,36,3959,A71,A152,male,old,good
A14,12,2390,A75,A152,male,old,good
A14,12,1736,A74,A152,female,old,good
A11,30,3857,A73,A152,male,old,good
A14,12,804,A75,A152,male,old,good
A11,45,1845,A73,A153,male,young,bad
A12,45,4576,A71,A152,male,old,good